B001,1002,John Smith,15-06-2025,18-06-2025
B002,1005,Anita Sharma,16-06-2025,20-06-2025
B003,1010,Mike Johnson,14-06-2025,17-06-2025
B004,1007,Priya Patel,20-06-2025,22-06-2025
B005,1014,Bob Loblaw,21-06-2025,23-06-2025
B006,1016,Deepak Kumar,22-06-2025,24-06-2025
B008,1009,Ganesh Gaitonde,24-06-2025,26-06-2025
B010,1011,Anjali Mehta,26-06-2025,29-06-2025
B011,1012,Steve Rogers,27-06-2025,30-06-2025
B012,1006,Rajesh Khanna,28-06-2025,01-07-2025
B013,2031,G G,10-05-2027,10-05-2028
B014,1003,ere,10-05-2027,10-05-2028
